ID,Name,Address 1,City State ZIP,SMART Supplier ID,FEIN,Contact Person,Email,Tol Free Telephone,Local Telephone,Cell Phone,
AC_LLC,Ac LLC,"P.O. Box 451, 576 Nulla. St.","Montacuto, Piemonte 844249",21144,3642,Alma Singleton,est.congue.a@semperegestas.org,,(583) 181-1728,(353) 311-8315,
ALIQUAM_ER,Aliquam Erat Volutpat Associates,,,,,,,,,,
AMET_INCOR,Amet Incorporated,,,33876,,,,,,,
AMET_ULTRI,Amet Ultricies Sem Institute,,,,,,,,,,
CONSEQUAT_,Consequat Auctor Nunc Company,"Ap #821-1605 Id, Ave","Balfour, OK J32 1XK",12119,7079,Cody Ramos,Aenean.massa.Integer@pellentesquemassalobortis.org,,(396) 402-2991,,
DAPIBUS_QU,Dapibus Quam Quis Incorporated,"P.O. Box 174, 4963 Ac Street","Windsor, Ontario K9E 3P3",37820,7656,Nomlanga Stewart,,,(748) 959-4089,,
DIS_INC.,Dis Inc.,,,,,,,,,,
DIS_PARTUR,Dis Parturient Incorporated,,,,,,,,,,
DONEC_DIGN,Donec Dignissim Industries,"P.O. Box 796, 8334 Lacinia Rd.","Jamshedpur, JH 20957",17294,4743,Cain Harding,cursus.et.eros@placerateget.edu,1-868-143-6357,(272) 740-6527,(959) 984-4924,
VITAE_DIAM,Donec Tincidunt Company,,,55303,,,,,,,
DUI_INDUST,Dui Industries,1661 Pede Avenue,"Liverpool, LA 32964",16348,6365,Ignacia Campbell,odio.Aliquam.vulputate@Nullaeu.net,,(809) 306-4681,(520) 533-0069,
DUI_SUSPEN,Dui Suspendisse Consulting,,,,,,,,,,
EST_TEMPOR,Est Tempor Bibendum LLC,"P.O. Box 899, 8490 Fusce Ave","Carmen de Bolivar, Bolívar 10459",32205,,Tyrone Rutledge,auctor@egetvolutpatornare.edu,,(855) 380-9998,(891) 380-3154,
ET_IPSUM_C,Et Ipsum Cursus Ltd,,,22451,,,,,,,
FRINGILLA_,Fringilla Est Industries,"P.O. Box 115, 5329 Cursus Street","Schaarbeek, BU 821748",14033,1367,Haley Winters,Donec@diamProin.net,1-887-444-6872,,,
HENDRERIT_,Hendrerit PC,4544 Ridiculus St.,"Kollam, Kerala 8152",10240,3131,Jane Fitzgerald,Vivamus@quam.org,,(753) 782-8474,(258) 369-4333,
IACULIS_LL,Iaculis LLC,969-3945 Ipsum Avenue,"Masterton, NI 6462",12574,7256,Aspen Cox,Suspendisse@fames.edu,1-225-902-8955,(755) 152-2663,(948) 875-7372,
ID_COMPANY,Id Company,Ap #265-1347 Convallis St.,"Cariboo Regional District, BC 148606",35343,1862,Summer Atkinson,tellus@blandit.ca,,(516) 502-9001,913-927-2402,
INCEPTOS_H,Inceptos Hymenaeos Mauris LLC,,,,,,,,,,
INTEGER_UR,Integer Urna Vivamus Corp.,,,,,,,,,,
IPSUM_SUSP,Ipsum Suspendisse Company,,,,,,,,,,
LACUS_QUIS,Lacus Quisque Imperdiet PC,"P.O. Box 951, 5917 Sodales Av.","Paris, IL 40895",56568,5439,Derek Sharpe,gravida@ultricesDuisvolutpat.org,1-317-213-6840,(647) 685-3529,(860) 443-2074,
LIGULA_ALI,Ligula Aliquam Erat Incorporated,"922-779 Sem, St.","Houston, TX 37883",46541,8414,Adele Woods,accumsan.sed@sitamet.net,1-959-523-9210,,,
LOBORTIS_Q,Lobortis Quis Institute,,,,,,,,,,
MI_ENIM_CO,Mi Enim Condimentum Inc.,,,,,,,,,,
MI_LACINIA,Mi Lacinia Industries,,,,,,,,,,
MOLESTIE_A,Molestie Arcu Company,5791 Van Allen Way,"Carlsbad, CA 92008-7321",25075,330373077,Phillip Czar,phillip.czar@lifetech.com,800-955-6288,760-603-3319,,
MUS_PROIN_,Mus Proin Corporation,5193 Arcu. Road,"Tula, TUL 70115",22916,2723,Dustin Morgan,vel.quam@iaculisaliquetdiam.net,1-340-156-2816,,,
NEQUE_INST,Neque Institute,Ap #247-5976 Eleifend Rd.,"Tambaram, TN 67420",39505,5017,Lavinia Barnes,aliquam.arcu@metusAeneansed.net,1-449-852-4494,(709) 385-4712,,
NEQUE_SED_,Neque Sed Sem LLP,,,,,,,,,,
NETUS_LLP,Netus LLP,Ap #436-3470 Ac St.,"Cobourg, Ontario 41443",37556,3936,Guinevere Hoover,augue.porttitor.interdum@nequeNullamut.com,1-585-733-7381,(855) 161-3771,,
NONUMMY_FU,Nonummy Fusce Foundation,,,,,,,,,,
NULLA_DONE,Nulla Donec Non Corp.,,,,,,,,,,
NULLA_INTE,Nulla Interdum Corp.,"P.O. Box 750, 3067 Eu St.","Dublin, L 1693",13697,5420,Katell Harrison,volutpat.Nulla@nequevenenatislacus.org,1-640-568-2912,,,
NULLA_SEMP,Nulla Semper Associates,,,,,,,,,,
ORCI_TINCI,Orci Tincidunt Adipiscing Inc.,,,,,,,,,,
PEDE_PRAES,Pede Praesent Eu Inc.,,,,,,,,,,
PER_INCEPT,Per Inceptos LLP,"P.O. Box 174, 1358 Vel St.","Sevilla, AN 40403",53805,5336,Ishmael Warner,dui.augue@magnaSuspendisse.ca,,,785-380-9211,
PHARETRA_S,Pharetra Sed Industries,,,,,,,,,,
PHASELLUS_,Phasellus At Company,,,,,,,,,,
QUIS_PEDE_,Quis Pede Suspendisse Inc.,,,,,,,,,,
QUISQUE_PO,Quisque Porttitor Eros Inc.,Ap #478-1858 Ut Street,"Tucson, AZ 8479",49377,3406,Illana Irwin,primis.in.faucibus@enimnectempus.co.uk,,(512) 865-3433,,
RISUS_ODIO,RISUS_ODIO,Ap #406-4010 Lobortis St.,"Dubbo, NSW 72040",40763,1181,Shana Sandoval,parturient.montes@dolorFusce.ca,1-980-819-3098,(121) 844-0447,(375) 114-8748,
SED_CONSEQ,Sed Consequat Auctor Ltd,,,,,,,,,,
SED_TURPIS,Sed Turpis Nec Company,,,,,,,,,,
SODALES_AT,Sodales At LLP,4012 Est St.,"Puente Alto, Metropolitana de Santiago 941741",10661,9741,Tasha Benson,ornare.In.faucibus@Curabiturconsequatlectus.com,1-901-499-8962,,,
TACITI_IND,Taciti Industries,"P.O. Box 867, 8608 Ante. St.","Semarang, JT 07351-58819",50244,7742,Dennis Alvarado,lacinia.orci@tellus.co.uk,1-330-587-3490,(320) 139-6439,,
TEMPUS_COR,Tempus Corporation,194-504 Nunc Ave,"Aachen, NW 9374",55371,2049,Josiah Sargent,Sed@eu.net,1-375-842-9413,,,
TEMPUS_MAU,Tempus Mauris Erat LLP,"P.O. Box 236, 165 Tristique Av.","Anjou, QC J7T 3R8",46955,8343,Hall Velez,nec.enim.Nunc@maurisSuspendisse.org,,(166) 111-1570,,
UT_ERAT_SE,Ut Erat Sed LLC,,,,,,,,,,
VELIT_SED_,Velit Sed Inc.,954-6069 Facilisis Rd.,"Newbury, ON 79698",16322,2250,Abbot Blevins,,,(369) 877-1996,,
VESTIBULUM,Vestibulum Hotel,,,,,,,,,,
VITAE_DIAM,Vitae Diam Incorporated,,,,,,,,,,
VITAE_ODIO,Vitae Odio Pipette,1190 Nisi. Ave,"Juliaca, Puno 93-578",43873,5611,Keith Craft,,1-130-938-0557,(122) 114-3585,,
VOLUTPAT_N,Volutpat Nulla Dignissim Corporation,570-400 Ac St.,"Salt Lake City, Utah 12785",16199,4603,Nigel Blevins,tincidunt.vehicula.risus@egetvenenatis.edu,,1-890-863-6902,,
